doc_id,title,issuer,authority_level,doc_type,version,effective_from,effective_to,supersedes,scope_programmes,scope_batches,provenance,retrieved_on,synthetic
NSUT-20260915-ATT,"Notification regarding attendance, F.No. 220(312)/ShortAtt/2026-27/Acad/NSIT/1005, dated 15/9/26, with enclosed Academic Rules clause 11",Assistant Registrar Academics,2.0,notification,unknown,unknown,unknown,unknown,all programmes,unknown,https://www.imsnsit.org/imsnsit/plum_url.php?+PixHCN0RlIRVEQUYtLS94safCgaXJNzKNCWMt+jJIEdc77ryXPt4q5VVNdEBXv8vXhhlnZS1H7zQqU5yhchRy7V1KrNNKEhUMLnqdKwCwugeULXdA8uQlZCQ1HJ7p285QoNGWutEdm1G4V2m7HwqtGAUBweXeXClfLhXT6Px21IWVBMitsWf1ivrRrCI+Ap,2026-10-06,N
NSUT-20260422-ATT75,"Notification on shortage of attendance for end-semester examination, F.No. 220(312)/ShortAtt/2018/Acad/NSIT/56, dated 22/4/26",Academic Section,2.0,notification,unknown,unknown,unknown,unknown,all courses / semesters,unknown,https://www.imsnsit.org/imsnsit/plum_url.php?R3SyC1S/+dUk5/iOf9gPfJVbSIa+zODG9MfAPEI6L9VZBWrQmaCc/agarg55nHTp9HZ51tqHXxS9yhe8JOX5DbAZujF/eaKSehC8JRWsfDDx0Zo22qrRs0U3L4R+RJeF1imMN9UjUGDIxSuFP1ODBoJh3l5OwGS0neWUU4Zy1hLiULN3cM6XSthWbfVrnkZuNfS6mnyXLiLwxg/K0C8Y5A==,2026-10-06,N
NSUT-20260209-ATT,"Attendance notification, F.No. 220(312)/ShortAtt/2025-26/Acad/NSUT/3114, dated 1/02/26",Assistant Registrar Academics,2.0,notification,unknown,unknown,unknown,unknown,"B.Tech, BBA, BBA-IEV, B.Design, B.D.F.Tech, B.Arch, M.Tech, MBA, M.Sc, MA, semesters II/IV/VI/VIII",unknown,https://www.imsnsit.org/imsnsit/plum_url.php?BaB1x+9/tQuHXI4Dbe6VEeoKmMzQy5VA5coMP6ndzSb1xC6RwYdvmDtrwJKpvHyRex+Aqi3GG02E4MAtokwYXXEpLQW1rJZZCZbBq0sTTC3aGN3JRwMZWZR/jnrtsbOTnNQrUG2zeIhgE9j9rJPwSlhbRY9UAEFQu/Uq/weraEtIV4GX8XlrPRsLwM17SHi43epeyi5oUPpBXsCD7PAOiO4j5Zqrjy2TJZqIDufgnuA=,2026-10-06,N
NSUT-20251030-ATT,"Attendance notification, portal lock, F.No. 220(312)/ShortAtt/2018/Acad/NSIT/1535, dated 30/10/25",Assistant Registrar Academic,2.0,notification,unknown,unknown,unknown,unknown,"B.Tech, BBA, B.Design, B.D.F.Tech, B.Arch, BBA-IEV, M.Tech, MBA, M.Sc, MA, MBA-IEV, PhD",unknown,https://www.imsnsit.org/imsnsit/plum_url.php?2GwllAbnIc8wWp446efaBMPt2aPtcNUV6Ad/HhverRyS1T/kprcSBGSk4W+MZfbIRtPeN5ysQGp5kmHna6M7S7ZFgZGj/PZTxf7Jtb5ljxTNXupkKLwdj4meyko/K3X3tBUU+7VKILPrp8DfxSCA7CcCI+W4f3XaDH9uRYMhHQRzGt5Uv5TlinzPWr2IXPV8C0ramHz1QQ4aFrTo2LHone6maRGecmBaeVptHZJPsE4=,2026-10-06,N
NSUT-20260127-BACKLOG,"Guidelines for mode of registration for students of backlog courses, signed 27/1/26",Assistant Registrar Academics,2.0,guidelines,unknown,unknown,unknown,unknown,unknown,unknown,https://www.imsnsit.org/imsnsit/plum_url.php?yBKjNs82p+LE/Op2BHZ6iAV0YXs7oS7PbY8tgcSDFFNNspMwXlwoLHVGgya7+57llxdG06GXPQl7GIk23aS0Ma/e8fEY9fTOrUNTNWFijqO+D/kG2DEz+jxxrJN6jObHngnDK4HtOPqsSYeLBX6dNfkjot1pxwRDTuQPrg3JHIDtft6stGNR8530PnkakC22REUEwQUjcFBimMZHaSB4vRndeobaY7Vr3q66W+HrRdU=,2026-10-06,N
NSUT-20260121-MAKEUP,Guidelines for make up examination (mid and end semester) for the session 2025-2026,Dean Academics,2.0,guidelines,unknown,unknown,unknown,unknown,unknown,unknown,https://www.imsnsit.org/imsnsit/plum_url.php?Cx2YdHJ5m8CVpp5io4HHVPK1wi/EUG/5peEZV1Db1jNMazREZkfjdDhX8CBRNRTUoHMixJgzL0LxTdDVShEksKwr9/g9+bazbhmPxo1ZZxHVQqR+t9lwKiI+rJ2qt6AWu8TiMJdc4cLK6SmhzlpejKhmHAmc8DqXaeikm9Z7hIWIyfTGTkkUpwMnWFwbaG/V/LuDaOT76YLOE5dHat01ybSfRm2bMZ7kWEJogE8fnXA=,2026-10-06,N
NSUT-20260508-SUMMER,"Schedule and guidelines for summer semester examination (May–July 2026), F.No. 220(591)/Summer Semester/2025-2026/Acad./NSUT/114, dated 08.05.2026",Assistant Registrar Academic,2.0,guidelines,unknown,unknown,unknown,unknown,unknown,"backlog/improvement, including 8th semester B.Tech",https://www.imsnsit.org/imsnsit/plum_url.php?iE/m7tGj3PLz2gRUgDjJWuSdz34GNCXyAlmTMdrZsOymVJxZx6l/0Wcm1uGAgmzxym/wZcX79GlQ5V61Olkmd2jjC0aVWTQkC/Cu3uYV3xLGaKCADZ3FHw2iq6CfM48n2L0RTVM/Yt3T5s6hq5IYYdfdGP/IUBoYzWc12jGZFX+zh/wCevLr8bxhgnFhR5nOU9biJLeMVJf/qFH9eNAtdg==,2026-10-06,N
NSUT-20260702-FEE2627,"Annual fee of all programmes for admission in academic session 2026-27, F.No. 220(558)/AnnualFeeStructure/2025/Acad/NSUT/147, dated 14/5/26 (listed 02-07-2026)",Academic Section,2.0,notification,unknown,unknown,unknown,unknown,B.Tech and other programmes listed in the notification,2026-27 admission,https://www.imsnsit.org/imsnsit/plum_url.php?OHXdCsdF0xzfhASce7NdeIXzSrX7BUCyimb3/ttTpeE9G8rOBi/sR4xjDurs/C4umGfvJ7Ss/F5SmO3PAhCZ5Tk5Ss7UWMtSyl3QkYlsdflvZTie0oqBZtt5xL6nXNXJNfEUfwiMWVQHo9f2Z8tKnxdznPz1zxoljk9FUmXbpVtERQRqjCFr85HjL+fJPkd4lle8P5Ic/s9LtT+wvpGjOgVN1pD71Plz5uaN+mUD5q4=,2026-10-06,N
NSUT-20260702-FEEPAY,"Notice – annual fee payment (III, V and VII semester), F.No. 220(558)/AnnualFeeStructure/2025/Acad/NSUT/480, dated 1/7/26",Assistant Registrar Academic,2.0,notice,unknown,unknown,unknown,unknown,"B.Tech, M.Tech, Ph.D, BBA, BBA-IEV, MBA, MBA-IEV, B.Design, B.Arch, M.Sc, M.A",unknown,https://www.imsnsit.org/imsnsit/plum_url.php?/54uroO4CNaSY5SBYVmmP7LrO06QQbM4stYOu6N4HqBZ2t9YbLD7X+1vMZsDczqZ7Lsy0xtcqVYuOaI6ILHxOe6BkVqeZF+Dm/jXGZgBJaJ+/a0TM+DjqbwBghZnPHbiQIC1M9CxM55a5IIS8Wyfa+HqaDozU7t0JhdrRT2nTzW4iffRgHmRJl6Hx1OryzcEcaU7l0dnJu0xefqGMKNuIA==,2026-10-06,N
NSUT-20260806-CORRIEV,"Corrigendum to annual fee structure of Integrated BBA+MBA (IEV) for 2024-25 and 2025-26, F.No. 220(558)/AnnualFeeStructure/2025/Acad/NSUT/812, dated 6/8/26",Assistant Registrar Academics,2.0,corrigendum,unknown,unknown,unknown,F.No. 220(287)/Annual Fee/2017/Acad/NSUT/654 dated 23.07.2024; F.No. 220(558)/AnnualFeeStructure/2025/Acad/NSUT/857 dated 14.07.2025,Integrated BBA+MBA (IEV),enrolled 2024-25 and 2025-26,https://www.imsnsit.org/imsnsit/plum_url.php?0HZDWp/1cALdt+O9qpddY6cIdMn/GEWZMbcMRYOaYrLBKqiHVgZDEthR9v+1jxbj946Ox0BWN+0sGKZWQBjjZAtA4yTJFNVHEyTczhk7z13cAKIUfWDm6dKGsoRIMZgLR/rhVPT1T809hODFRNZoxAVR/C524YH5nD8VgbpR6EjS0aRypzmnIWRctkP6bLH59m6CfiLvWPVd2D6jEWL3oSgiVHBJljAn9NEVaaAcoBo=,2026-10-06,N
NSUT-20260924-CORRIEV23,"Corrigendum, Integrated BBA+MBA (IEV) annual fee for enrolled year 2023-24, F.No. 220(558)/AnnualFeeStructure/2025/Acad/NSUT/1060, dated 24/9/26",Deputy Registrar Academics,2.0,corrigendum,unknown,unknown,unknown,"notifications 220(558)/AnnualFeeStructure/2025/Acad/NSUT/147, 812 and 300 dated 14.05.2026, 06.08.2026 and 12.06.2026",Integrated BBA+MBA (IEV),"enrolled 2023-24, IV and V year",https://www.imsnsit.org/imsnsit/plum_url.php?a6mu91rMoJDloC3iyXxMXFhzZj/sMFb2anut+mivm56u8J3FqD8qqwPpEwynKRlT/T0JJYPYL+LFHo/VOWL9fHDghBXLcC40WT7AXtwEOLXUtwFqjSl0DoQjs3rczC7g6xU/jWlOz0Xq5QXFSbne8HKrN/naj0Uvp9404aWPQat18dPnL9wmQbR790hfJ+GE0uXYFPnFaa0lY0NipFuGtBYaz8mmRVpUFHsIxxYM3po=,2026-10-06,N
NSUT-20260612-CORRMSC,"Corrigendum, M.Sc. fee structure 2026-27, F.No. 220(558)/AnnualFeeStructure/2025/Acad/NSUT/300, dated 12/6/26",Assistant Registrar Academics,2.0,corrigendum,unknown,unknown,unknown,F.No. 220(558)/AnnualFeeStructure/2025/Acad/NSUT/147 dated 14.05.2026,"M.Sc. Physics, Chemistry, Mathematics",admitted 2026-27,https://www.imsnsit.org/imsnsit/plum_url.php?Kxzg9Rwd/4zrunndMP+AsRH5LjbGwByTNrqntKaYVHpkVOeZZM5nLx6Cc1xcvoBdN6Uh7t04EwLeNwQfrbFO63XJnfNa3nmI3PZwICsa926tQEmHnZdICSp4gJ8e39XjQmYLkdhW3Q9UJ8HLaVrE4h2LUrXlgd2kJx4Cp72XjRikvkkgqRk1HHKq3Mf/ei6hT+K/HF8Qz6z8z2bzCarbOVu0Tcd5Zu8MUS0Bx4NAiUY=,2026-10-06,N
NSUT-20260721-DASA,"Annual fee structure for B.Tech DASA students, academic session 2026-27, F.No. 220(596)/DASA Annual Fee/2026/Acad./NSUT/702, dated 21/07/26",Assistant Registrar Academics,2.0,notification,unknown,unknown,unknown,unknown,B.Tech DASA,"admitted 2023-24, 2024-25, 2025-26",https://www.imsnsit.org/imsnsit/plum_url.php?5enehlj0c6/Hm8zHaSzaILujDdMKWJOD/14QlYUxdM/k+NsXr/jODeSYkY36uVwf7EAotwmg+1JMp5YZ0JXm1fIHXu3Ti0lUfNcXFcL2EK/olodxFg+eCufrW6dtTiwGHaE48b/hwRynXscKViTxZPC4Ed9IQRwuDDYCb2tBECFZ4fGo5m8Q25iXur8Uzj2WsUhHHHEhQOSJzgV3mEe6sQ==,2026-10-06,N
NSUT-20260602-NOINSTAL,"Notice on annual university fee and hostel fee for 2026-2027, F.No. 220(588)/Annual Fee Structure/2025/Acad/NSUT/236, dated 01/06/2026",Assistant Registrar Academic,2.0,notice,unknown,unknown,unknown,unknown,all students,"enrolled 2022, 2023, 2024 and 2025, fee details uploaded on CUMS on 14.07.2025",https://www.imsnsit.org/imsnsit/plum_url.php?w6e6EsuItYkLPKRZANWe2fKeipUPbhD55XLuT4SWGbT58wFlyPsZtyc6478l9i9WoF4HqEKMcR4omLesS/Zx+lA3wno9b62El0Kr60ibo0SyNdq9DUwWdWG1nx893d+h+1xW4lN0762+EuU1anw/Ngy432zdG/bPWHMRHBSnjVUzE3OW5ysgfu6OTyUBbIe+Z+jzhlQeNd6wy/RkV0Avjw==,2026-10-06,N
NSUT-20251126-HOSTELFEE,"Hostel and mess fee for even semester 2025-26, F.No. 234(01)/2016/Hostel Fee/Even/CWO/NSUT/533, dated 26 November 2025",Office of the Chief Warden,3.0,notice,unknown,unknown,unknown,unknown,"B.Tech, BBA, BFT, B.Design, M.Tech, MSc, MBA, PhD; JC Bose/Alaknanda in USD",hostel residents continuing even semester,https://www.imsnsit.org/imsnsit/plum_url.php?7WR1Jkr91WOhKOpIkhE06bHTkSuA7UX3sevrFWbw62F/UaP79gIQibI7Yiqs368CjBHsD9DB3u2HffCKNH/gp8ybdUDOfaGMSjKFpG1dfk770vQjZ5Fn2W9syeTjia5KloNOZc9J8JSyGQYMu6dkAgebcL0fBQ0gSQDapD/ob5HUxuk9N6c7/UtjbJv2cpN3Env5hYukFYV0gp69PcK0cg==,2026-10-06,N
NSUT-20260812-BH4FEE,"Hostel and mess fee submission, Ramanujan Hostel (BH-IV), No. NSUT/Ramanujan Hostel/Fee/2026/01, dated 12 August 2026",Warden Ramanujan and JC Bose Hostel,3.0,notice,unknown,unknown,unknown,unknown,Ramanujan Hostel BH-IV residents,unknown,https://www.imsnsit.org/imsnsit/plum_url.php?P1z+eQnLpspm4VoR5Q77WG1wdIwQS+xOLvUvmu3MnMM2HbGLha7WJSz+OZZcPoGIDd67f0Oj3ogz4asEW0OAw7Odw0PdWfNTcDKChWqkkwjx6mml3BWhfZuYpCnUQeno+tZVoaHlrLB81xE3CJREKoNc4fOl6XNe0xQCCEyYzKIMRciz5oiF51VGxsloqdmr8IIquOoJ2ih/pcbTesG14/fIWoU7CxjGEmv0ntl/dOI=,2026-10-06,N
NSUT-20260819-PROHIB,"Illustrative list of prohibited items, JC Bose and Ramanujan Hostel, No. NSUT/Ramanujan Hostel/Adm/2026/03, dated 19 August 2026",Warden Ramanujan and JC Bose Hostel,3.0,notice,unknown,unknown,unknown,unknown,JC Bose and Ramanujan Hostel,unknown,https://www.imsnsit.org/imsnsit/plum_url.php?4B0usV8mgmjpd5iPdDeuNh/1xgpNkW61C/FJfrMjjYl4pFHoCA02VZxx81kD+Z3X1hngz3NTvC30UXBpCx7P7yqrE5Fyn1E26NgEI+HZrd6oFVXVLj/Z17sr66XMsX57UGBMhpM8+am4tvmqIho/5K6m6bcqvi6Atwiw/erfnXQhH77m79NYkcmBw3MnYU/AByy/OzXeYVFosDO0GACpUn+lMiQy2smUlEF/Jr0UBj4=,2026-10-06,N
NSUT-20260811-CVSPK,"CVSPK Death of Earning Parent scholarship 2026-27, F.No. 84(344)/2026-27/DSW/NSUT, dated 11/08/2026",Dean Student Welfare,2.0,notice,unknown,unknown,unknown,unknown,unknown,unknown,https://www.imsnsit.org/imsnsit/plum_url.php?ambFn6oAvWcnN5TlOt/LZXlUWdJgA9+W4D2F9ZcMbKUxKzZv+3PcGXDNu72AD54OLh+YZtTqaaVgCHKk9aI068LngyUhahefVAsG7drfuH3+PRfz9R6Iz3O1HMRQpqFzzVF+ktcttvcov8Wi2mlWlhI6MJNZciv1LQJVPmqqGQHam5jUO+f0j9JtoFJI+osf3kLXNM9F6tvQjKMEb3FdCw==,2026-10-06,N
NSUT-20260611-NSP,"Activation of National Scholarship Portal 2026-27, F.No. 220(391)/NSPSchol./2026-27/Acad/NSUT/Vol. VI/298, dated 11/6/26",Academic Section,2.0,notification,unknown,unknown,unknown,unknown,fresh and renewal applicants,unknown,https://www.imsnsit.org/imsnsit/plum_url.php?ZbUdfXmfbwYfVF+IU3jM9TkEeMQ33b+cOiavB4n+tW642C8hPjWU6kBHaP0gx0iwUirv0PKeg1ah9q/3Dv0vZJYxZrj0P1lJztfGcH05wnQk9ZPOIaluHQaSWD9/rG4+FvYqoXqAgVg0W8AwZ9VJkEnM642kihztUfCOqvK21PMPe2dMP5i5HQeoIZ7/q/dwq5aqctyeNT4KrUKMl7Q47Q2uy99z7AgTmM3QXTrqzaBsMc8hAsDg6l8vvA5g5FAp,2026-10-06,N
NSUT-20261001-EDIST,"Endorsement, E-District scholarships on NSP, F.No. 220(391)/NSP Schol./2025-26/Acad/NSUT/Vol. V/1699, dated 30/9/26",Deputy Registrar Academics,2.0,endorsement,unknown,unknown,unknown,unknown,Post Matric Scholarship for SC and for OBC,unknown,https://www.imsnsit.org/imsnsit/plum_url.php?5Cvv3fS25/yzgFdGSyk6kNvoGmw0D6zkE7Wdehj5uHYlcKb6988ZEb2uXNtP0hgqWpNSnIIs+y7F1h/LijAs3U2hOLyJm27mpdvkJDAeOJV4hDUfAg+pWJDWA5+8vrjudTxois8r2QDt7Me5wJo5YOm0dNMFuDsJvN3+cgSWanFza2bZGqh6Qo43AuCdvkqn,2026-10-06,N
NSUT-20260323-CAL,"Addendum in academic calendar January 2026 to July 2026, F.No. 220(57)/Acad/Committee/2011/Acad./NSIT, dated 23/3/2026",Assistant Registrar Academics,2.0,addendum,unknown,unknown,unknown,F. 220(57)/Acad/Committee/2011/Acad./NSIT/1917 dated 08/01/26,"BBA, B.Tech VIII, M.Tech, MBA",unknown,https://www.imsnsit.org/imsnsit/plum_url.php?UgAs2yXIqSGMBMDLEHEYjFXHE6P1l60saM5woZGksHdi06iIIB5OqRDPc/OdZ3oEgABgfO4tTmQfF0GLlkVMv5ezml/QpbszxziLq3BFO/4q80JQg2etwCPmcypPMDjrmQIO0UNvjhE+b3bAavj6hsn0hsFiw7276H+oWClRu+oqr9IRpsQnVXfZG11gcHWW58u4v6ZRzxegLraXg3JXWeESS08xCV/+oPctn4XzEKc=,2026-10-06,N
