student_id,course_code,classes_held,classes_attended
S1001,CS201,40,32
S1001,CS203,40,38
S1001,MA201,40,38
S1002,CS201,40,31
S1002,CS203,40,37
S1002,MA201,40,37
S1003,CS201,40,37
S1003,CS203,40,36
S1003,MA201,40,36
S1004,CS201,40,38
S1004,CS203,40,38
S1004,MA201,40,36
S1005,EE201,40,37
S1005,EE203,40,24
S1005,MA203,40,37
S1006,EE201,40,35
S1006,EE203,40,35
S1006,MA203,40,35
S1007,CS201,40,38
S1007,CS203,40,38
S1007,MA201,40,38
S1008,EE201,40,37
S1008,EE203,40,37
S1008,MA203,40,37
S1009,CS201,40,36
S1009,CS203,40,36
S1009,MA201,40,36
S1010,EE201,40,30
S1010,EE203,40,38
S1010,MA203,40,38
S1011,CS201,40,37
S1011,CS203,40,37
S1011,MA201,40,37
S1012,CS201,40,36
S1012,CS203,40,36
S1012,MA201,40,36
S1013,EE201,40,38
S1013,EE203,40,38
S1013,MA203,40,38
S1014,EE201,40,37
S1014,EE203,40,37
S1014,MA203,40,37
S1015,CS201,40,36
S1015,CS203,40,36
S1015,MA201,40,36
S1016,EE201,40,38
S1016,EE203,40,38
S1016,MA203,40,38
