student_id,course_code,exam_session,exam_type,internal_marks,external_marks,total_marks,max_marks,result
S1001,CS201,2026-MAY,REGULAR,30,41,71,100,PASS
S1001,CS203,2026-MAY,REGULAR,30,32,62,100,PASS
S1001,MA201,2026-MAY,REGULAR,30,32,62,100,PASS
S1002,CS201,2026-MAY,REGULAR,30,36,66,100,PASS
S1002,CS203,2026-MAY,REGULAR,30,39,69,100,PASS
S1002,MA201,2026-MAY,REGULAR,30,39,69,100,PASS
S1003,CS201,2026-MAY,REGULAR,19,20,39,100,FAIL
S1003,CS203,2026-MAY,REGULAR,30,46,76,100,PASS
S1003,MA201,2026-MAY,REGULAR,30,46,76,100,PASS
S1004,CS201,2026-MAY,REGULAR,30,53,83,100,PASS
S1004,CS203,2026-MAY,REGULAR,30,53,83,100,PASS
S1004,MA201,2026-MAY,REGULAR,25,0,25,100,ABSENT
S1005,EE201,2026-MAY,REGULAR,30,35,65,100,PASS
S1005,EE203,2026-MAY,REGULAR,15,0,15,100,DETAINED
S1005,MA203,2026-MAY,REGULAR,30,35,65,100,PASS
S1006,EE201,2026-MAY,REGULAR,12,12,24,100,FAIL
S1006,EE203,2026-MAY,REGULAR,14,14,28,100,FAIL
S1006,MA203,2026-MAY,REGULAR,16,16,32,100,FAIL
S1007,CS201,2026-MAY,REGULAR,30,49,79,100,PASS
S1007,CS203,2026-MAY,REGULAR,30,49,79,100,PASS
S1007,MA201,2026-MAY,REGULAR,30,49,79,100,PASS
S1008,EE201,2026-MAY,REGULAR,30,56,86,100,PASS
S1008,EE203,2026-MAY,REGULAR,30,56,86,100,PASS
S1008,MA203,2026-MAY,REGULAR,30,56,86,100,PASS
S1009,CS201,2026-MAY,REGULAR,30,38,68,100,PASS
S1009,CS203,2026-MAY,REGULAR,15,15,30,100,FAIL
S1009,CS203,2026-JUL,SUPPLEMENTARY,25,25,50,100,PASS
S1009,MA201,2026-MAY,REGULAR,30,38,68,100,PASS
S1010,EE201,2026-MAY,REGULAR,30,40,70,100,PASS
S1010,EE203,2026-MAY,REGULAR,30,45,75,100,PASS
S1010,MA203,2026-MAY,REGULAR,30,45,75,100,PASS
S1011,CS201,2026-MAY,REGULAR,30,52,82,100,PASS
S1011,CS203,2026-MAY,REGULAR,30,52,82,100,PASS
S1011,MA201,2026-MAY,REGULAR,30,52,82,100,PASS
S1012,CS201,2026-MAY,REGULAR,30,34,64,100,PASS
S1012,CS203,2026-MAY,REGULAR,30,34,64,100,PASS
S1012,MA201,2026-MAY,REGULAR,30,34,64,100,PASS
S1013,EE201,2026-MAY,REGULAR,30,41,71,100,PASS
S1013,EE203,2026-MAY,REGULAR,30,41,71,100,PASS
S1013,MA203,2026-MAY,REGULAR,30,41,71,100,PASS
S1014,EE201,2026-MAY,REGULAR,30,48,78,100,PASS
S1014,EE203,2026-MAY,REGULAR,30,48,78,100,PASS
S1014,MA203,2026-MAY,REGULAR,30,48,78,100,PASS
S1015,CS201,2026-MAY,REGULAR,30,55,85,100,PASS
S1015,CS203,2026-MAY,REGULAR,30,55,85,100,PASS
S1015,MA201,2026-MAY,REGULAR,30,55,85,100,PASS
S1016,EE201,2026-MAY,REGULAR,30,37,67,100,PASS
S1016,EE203,2026-MAY,REGULAR,30,37,67,100,PASS
S1016,MA203,2026-MAY,REGULAR,30,37,67,100,PASS
