student_id,full_name,programme,batch_year,current_semester,cgpa,active_backlogs
S1001,Aarav Mehta,B.Tech CSE,2024,5,8.02,0
S1002,Ishita Rao,B.Tech CSE,2024,5,7.40,0
S1003,Kabir Sethi,B.Tech CSE,2024,5,7.10,1
S1004,Ananya Iyer,B.Tech CSE,2023,7,7.30,1
S1005,Rohan Bhatia,B.Tech EE,2024,5,6.90,1
S1006,Meera Pillai,B.Tech EE,2023,7,5.40,3
S1007,Vivaan Kapoor,B.Tech CSE,2023,7,6.50,0
S1008,Diya Malhotra,B.Tech EE,2024,5,6.49,0
S1009,Arjun Nair,B.Tech CSE,2023,7,7.60,0
S1010,Sanya Gupta,B.Tech EE,2023,7,7.00,0
S1011,Kunal Joshi,B.Tech CSE,2024,5,8.85,0
S1012,Tara Menon,B.Tech CSE,2023,7,6.95,0
S1013,Nikhil Arora,B.Tech EE,2024,5,9.12,0
S1014,Pooja Reddy,B.Tech EE,2023,7,7.75,0
S1015,Yash Chawla,B.Tech CSE,2024,5,5.95,0
S1016,Neha Saxena,B.Tech EE,2024,5,8.10,0
